id;wbsspare_1;wbsspare_2;wbsspare_3;wbsspare_4;wbsspare_5
bc4039dd-39e7-44a1-835e-6a0e5db9d9f6;勇敢 oh before;整齐 老实;搔;雪白 吞 大约;whereas 搡 托
805b87c0-43c0-403c-b566-bca3122453be;一概 per;摔;knuckle boohoo;consequently yet 撑;逐步 builder
f868ac46-53cf-413b-8ff1-4dc3a5e48991;ethyl 吮 however;一味 一共;mmm yum 当然;whereas;很 mmm 全
100304c4-8078-40a9-a678-4247db69890f;bah;blah likewise aw;轻松 across;bran during;持 统统 enclosure
774b930b-ba00-48e0-a6ae-1af6cc34bdd3;hm;百般 黑不溜秋 平坦;yippee 推;咀;gah
d0629985-7529-4081-864f-2d7da0ea97c3;播 一齐;under provided 可;yarmulke without ick;笔直 furthermore 小;however
447a024b-2613-4a6e-8cc7-2be5221ad9ec;fooey;pish;绿 compassion;挖;resource sack
08e2a998-da05-4451-8051-ebd0aa40bf9d;逐渐 drain 硬;pair;yuck geez 甜;plus 劈 更加;through alongside bestseller
06510ae0-ba00-4a88-88f6-3c860d7b93e3;up;oof;under psst;扶;逐渐 through 老实
0ebc712d-9f11-495a-92a5-e1dbfa11ebbc;舞 当然 mmm;可;including 大约 仍然;whose;ha catastrophe
