id;officersname;jhi_password;email;phone
ce08c911-7eac-4667-ae4d-282a9c0e95ed;onto scanner 滑;woot remote;valljf_sl023@126.com;14127
8635a2b6-ac2d-4c4d-9889-8b85ad79793e;吸;几乎 yowza;fgwuih.hmw59@sohu.com;22182
382faf14-24c6-495b-a7b4-d89b1b22de79;难道;全;ffxlmf9@outlook.com;1138
f4c338d0-a60f-43f5-b060-47f238444cba;once brr;atop;mawnuy56@yeah.net;20885
961fd00e-d192-4339-9966-0de6b31e4940;invasion indeed;伟大 撒 粗;fvpts499@yahoo.cn;10792
83705be9-8a42-4ab5-8f4f-62a0acf0a0c6;registry 一共 ack;yum;lmfmhh6@hotmail.com;2720
8b73ce55-344f-4ebc-ad6f-581b345bf959;抄 provided zowie;worth 敢情 好;nlrlqi_jda@hotmail.com;20549
7d5680e0-3eeb-4b0f-97ba-002058a69e6b;till 勇敢 apropos;trail 偏偏 没有;k5mit6.mm98@163.com;9372
6bf48c40-e50f-449c-9a30-793ed7bc1b6b;必然;aw whenever 舞;hm1i2v96@yahoo.cn;14513
98e7b9df-fe98-43b8-95de-71a817911014;vice finally geez;拎 until;lzbmd2_mhh30@outlook.com;7945
